CodigoCentro,CodigoZonaInspeccion,DenominacionCentro
35000011,302,CEIP JOSÉ SÁNCHEZ Y SÁNCHEZ
35000033,302,CEIP EL RISCO
35000045,302,CEIP ANA BETANCOR ESTUPIÑÁN
35000057,322,CEIP ROQUE AGUAYRO
35000082,322,IES JOAQUÍN ARTILES
35000112,322,CEIP VEINTE DE ENERO
35000124,322,CEIP MONTAÑA LOS VÉLEZ
35000136,322,CEP DORAMAS
35000151,322,CEIP MARÍA MUÑOZ MAYOR
35000161,322,CEIP TEMISAS
35000173,104,CEO ANTIGUA
35000185,104,CEIP VALLES DE ORTEGA
35000197,202,CEIP LA DESTILA
35000215,203,CEIP TITERROY
35000227,203,CEIP BENITO MÉNDEZ TARAJANO
35000239,203,CEIP ADOLFO TOPHAM
35000240,202,IFPMP ARRECIFE
35000264,203,CPEIPS SANTA MARÍA DE LOS VOLCANES
35000288,203,IES BLAS CABRERA FELIPE
35000306,202,EA PANCHO LASSO
35000331,303,CEIP ARTENARA
35000367,304,CEIP LA GOLETA
35000409,304,CPEIP SAGRADO CORAZÓN DE JESÚS
35000410,304,CPEIPS LA SALLE
35000446,304,CEIP BAÑADEROS
35000458,304,CEIP EDUARDO RIVERO RAMOS
35000461,304,CEIP MANOLO ORTEGA
35000495,304,CEIP SANTIDAD
35000501,304,CEIP TRAPICHE
35000525,303,CEIP BUENLUGAR
35000549,303,CEIP VILLA DE FIRGAS
35000574,302,CEIP CAIDEROS
35000586,302,CEIP FERNANDO GUANARTEME
35000598,302,CEIP ANTONIO PADRÓN
35000628,302,IES SAULO TORÓN
35000631,302,RE MANUEL SOSA
35000689,302,CPEIPS JESÚS SACRAMENTADO
35000707,302,CEIP SAN ISIDRO
35000719,302,CEIP SAUCILLO
35000720,201,CEIP SAN JUAN
35000756,201,CEIP LAS MERCEDES
35000768,321,CEIP AGUATONA
35000771,321,CEIP CLAUDIO DE LA TORRE
35000781,321,CEIP DOCTOR JUAN ESPINO SÁNCHEZ
35000835,327,CEO MOGÁN
35000859,327,CEIP PLAYA DE ARGUINEGUÍN
35000860,327,CEIP PLAYA DE MOGÁN
35000872,303,CEIP CARRETERÍA
35000884,303,CEIP COSTA
35000914,303,CEIP AGUSTÍN HERNÁNDEZ DÍAZ
35000938,303,CEIP MANUEL BALBUENA PEDRAZA
35000963,101,CEIP LA OLIVA
35001013,101,CEIP VILLAVERDE
35001025,104,CEIP MORRO JABLE
35001049,103,CEIP PÁJARA
35001050,315,CEIP EL ZARDO
35001062,315,CEIP LOS ALTOS
35001074,316,CEIP LA CALZADA
35001086,305,CEIP ASTURIAS
35001116,310,CEIP SAN JOSÉ ARTESANO
35001219,308,CEIP GINER DE LOS RÍOS
35001244,309,CEIP CERVANTES
35001268,305,CEIP FERNANDO GUANARTEME
35001271,306,CEIP LAS CANTERAS
35001281,305,CEIP ISABEL LA CATÓLICA
35001293,306,IES FRANCHY ROCA
35001301,306,CEIP LEÓN Y CASTILLO
35001311,311,CEIP DON BENITO
35001323,308,CEIP SANTA CATALINA
35001347,311,CEIP PEPE DÁMASO
35001372,311,CEIP TIMPLISTA JOSÉ ANTONIO RAMOS
35001396,311,CEIP CATALUÑA
35001426,313,IES JERÓNIMO SAAVEDRA
35001438,309,IES RAMÓN MENÉNDEZ PIDAL
35001475,308,CEE SALVADOR RUEDA
35001487,313,CEIP ALCALDE RAMÍREZ BETHENCOURT
35001499,313,CPEIPS SAN VICENTE DE PAÚL
35001578,306,CEIP GALICIA
35001608,306,IFPMP LAS PALMAS DE GRAN CANARIA
35001657,309,CPEIPS SANTA MARÍA MICAELA
35001712,310,CPEE SAN JUAN DE DIOS
35001724,306,CPEIP NUESTRA SEÑORA DEL CARMEN
35001748,310,CPEIPS SAN JUAN BOSCO
35001751,309,CPEIPS SANTO DOMINGO SAVIO
35001761,306,CPEIPS NORTE
35001797,305,CPEIPS NUESTRA SEÑORA DEL PILAR
35001803,307,CPEIPS SAN JOSÉ DOMINICAS
35001815,311,CPEIPS SAN ISIDORO
35001864,309,CPEIPS SAN IGNACIO DE LOYOLA
35001876,307,CPEIPS SALESIANOS SAGRADO CORAZÓN DE JESÚS
35001891,308,CPEIPS LA SALLE ANTÚNEZ
35001921,311,CPEIPS SAN RAFAEL
35001931,311,CPEIPS SAN MIGUEL ARCÁNGEL
35001943,308,CPEIPS MARÍA AUXILIADORA
35001967,308,CPEIPS SANTA TERESA DE JESÚS
35001979,314,CPEIP ARENAS
35002005,306,CPEIPS SAUCILLO
35002017,313,CPEIPS SAGRADA FAMILIA
35002029,312,CPEIPS SAN ANTONIO MARÍA CLARET
35002030,306,CPEIP TAURO
35002066,307,CPFP CENTRO INTERNACIONAL POLITÉCNICO
35002303,308,CPEIP MARPE-CIUDAD JARDÍN
35002352,311,CPEIPS SAN MARTÍN DE PORRES
35002480,315,CPDEM CANTERBURY SCHOOL
35002731,310,CPEI NUESTRA SEÑORA DE LA VICTORIA
35002893,310,CEIP ARAGÓN
35002901,309,CEIP LEÓN
35002911,307,IES PÉREZ GALDÓS
35002923,308,IES ISABEL DE ESPAÑA
35002960,305,IES LA MINILLA
35002972,311,IES ALONSO QUESADA
35002984,307,IES POLITÉCNICO LAS PALMAS
35002996,305,CPES SANTA CATALINA
35003010,305,CPES SANTA ISABEL DE HUNGRÍA
35003022,305,CPES NUESTRA SEÑORA DEL PILAR
35003034,315,EASD GRAN CANARIA
35003095,315,CPEE CIVITAS
35003290,311,CPEIPS LOS ÁNGELES
35003332,306,IES LA ISLETA
35003393,309,IES ISLAS CANARIAS
35003401,309,CEIP ISLAS BALEARES
35003423,313,CEIP TEOBALDO POWER
35003459,310,CEIP ADELA SANTANA
35003460,310,IES DE TAFIRA - NELSON MANDELA
35003472,310,CPEIPS JAIME BALMES
35003563,310,IES FELO MONZÓN GRAU BASSAS
35003575,312,CEIP VALENCIA
35003605,312,CEIP MARÍA JESÚS PÉREZ MORALES
35003617,104,CEIP SAN JOSÉ DE CALASANZ
35003629,101,CPEIPS SAGRADO CORAZÓN
35003630,102,IES SAN DIEGO DE ALCALÁ
35003642,102,RE PUERTO DEL ROSARIO
35003678,102,CEIP PUERTO DEL ROSARIO
35003708,202,CEIP AJEI
35003711,327,CEIP SANTA ÁGUEDA
35003733,325,CEO PANCHO GUERRA
35003757,326,CEIP SAN FERNANDO DE MASPALOMAS
35003812,325,CEO TUNTE
35003848,327,IES TABLERO I (AGUAÑAC)
35003851,301,CEIP LA LADERA
35003885,301,RE LA LADERA
35003903,316,CEIP JOSÉ MANUEL ILLERA DE LA MORA
35003927,316,CEIP JUAN DEL RÍO AYALA
35003952,325,CEIP ANSITE
35003964,325,CEIP SANTA LUCÍA
35003976,324,IES TAMOGANTE
35003991,324,CEIP CASA PASTORES
35004002,324,CEIP TAGOROR
35004038,324,IES SANTA LUCÍA
35004041,301,CEO LUJÁN PÉREZ
35004063,301,CEIP PIEDRA DE MOLINO
35004099,301,CEIP LA DEHESA - SAN JUAN
35004105,301,IES GUÍA
35004117,301,RE SANTA MARÍA DE GUÍA
35004130,301,IES SANTA MARÍA DE GUÍA
35004154,301,CEIP NICOLÁS AGUIAR JIMÉNEZ
35004166,301,CEIP JUAN ARENCIBIA SOSA
35004208,201,CEIP CÉSAR MANRIQUE CABRERA
35004211,201,CEIP DOCTOR ALFONSO SPÍNOLA
35004245,316,CEO TEJEDA
35004257,319,CEIP ESTEBAN NAVARRO SÁNCHEZ
35004269,318,CEIP PROFESORA ADELINA FLORES MEDINA
35004270,320,CEIP JOSÉ TEJERA SANTANA
35004282,317,CEIP PADRE COLLADO
35004294,317,CEIP MARÍA SUÁREZ FIOL
35004300,319,CEIP PRÍNCIPE DE ASTURIAS
35004312,317,CEIP DOCTOR HERNÁNDEZ BENÍTEZ
35004324,318,CEIP FERNANDO LEÓN Y CASTILLO
35004336,318,CEIP POETA FERNANDO GONZÁLEZ
35004348,318,CEIP AMELIA VEGA MONZÓN
35004415,318,CPEIPS MARÍA AUXILIADORA
35004452,318,IES JOSÉ ARENCIBIA GIL
35004491,303,CEIP HUERTAS DEL PALMAR
35004518,303,CEIP MONSEÑOR SOCORRO LANTIGUA
35004531,303,CPEIP NUESTRA SEÑORA DEL ROSARIO
35004609,204,CEIP ALCALDE RAFAEL CEDRÉS
35004610,204,CEIP VIRGEN DE LOS VOLCANES
35004622,103,CEIP CRISTÓBAL GARCÍA BLAIRZY
35004658,300,CEIP LOS LLANETES
35004683,300,CEIP ELVIRA VAQUERO
35004695,300,CEIP VALLE DE SAN ROQUE
35004701,300,CEIP LAS VEGAS
35004713,303,CEO REY JUAN CARLOS I
35004737,316,CEIP LAS LAGUNETAS
35004749,316,CEIP UTIACA
35004750,316,CEIP LA SOLANA
35004762,316,CEIP PROFESOR RAFAEL GÓMEZ SANTOS
35004816,204,CEIP UGA
35004828,204,CEIP YAIZA
35004853,306,CAEPA RADIO ECCA
35004865,325,CEIP EL MATORRAL
35004907,301,CEIP LA CARDONERA
35004932,301,CEIP TASARTE
35004956,324,CEIP TAMARÁN
35004981,201,CEIP SOO
35005006,319,CEIP EL GORO
35005021,318,CEIP AGUSTÍN MANRIQUE DE LARA
35005031,319,CEIP LUCÍA JIMÉNEZ OLIVA
35005043,318,CEIP SAN ANTONIO
35005055,317,IES VALLE DE LOS NUEVE
35005067,204,CEIP CONCEPCIÓN RODRÍGUEZ ARTILES
35005079,201,CEIP GUIGUAN
35005080,201,CEIP LA VEGUETA
35005092,103,CEIP TISCAMANITA
35005171,101,CEIP BERNABÉ FIGUEROA UMPIÉRREZ
35005183,101,CEIP LAJARES
35005195,101,CEIP TINDAYA
35005201,101,CEIP TOSTÓN
35005225,201,CEIP MARÍA AUXILIADORA
35005237,325,CEIP ALDEA BLANCA
35005249,325,CEIP JUAN GRANDE
35005250,316,CEIP LA ANGOSTURA
35005262,201,CEO IGNACIO ALDECOA
35005274,201,CEIP GUENIA
35005304,317,CPEIPS NUESTRA SEÑORA DE LAS NIEVES
35005328,310,CPEIPS HEIDELBERG
35005331,310,CPEIPS SAGRADO CORAZÓN
35005407,315,CEIP SAN LORENZO
35005419,310,CEIP SALVADOR MANRIQUE DE LARA
35005420,312,CEIP ADÁN DEL CASTILLO
35005456,303,CEIP MIRAFLOR
35005471,300,CEIP TENTENIGUADA
35005481,316,CEIP LA LECHUZA
35005501,302,CEIP HOYA DE PINEDA
35005547,302,CEIP SARDINA DEL NORTE
35005560,303,CEIP PADILLA
35005584,321,CEIP BARRIO COSTA
35005596,102,CEIP GENERAL CULLÉN VERDUGO
35005602,104,CEIP DOMINGO JUAN MANRIQUE
35005614,319,CEIP MARÍA JESÚS RAMÍREZ DÍAZ
35005641,104,CEIP FRANCISCA PÉREZ
35005651,305,CEIP ESTRELLA BARREIRO MORENO
35005675,327,CEIP CASAS DE VENEGUERA
35005808,102,CEIP POETA DOMINGO VELÁZQUEZ
35005811,104,CEIP TEFÍA
35005833,327,CEIP CERCADO DE ESPINO
35005882,327,CEIP MONTAÑA LA DATA
35005900,316,CEIP EL GAMONAL
35005961,319,CEIP DOCTOR GREGORIO CHIL Y NARANJO
35006001,103,CEIP TARAJALEJO
35006011,103,CEIP TESEJERAGUE
35006023,316,CEIP ARÍÑEZ
35006060,316,CEIP PINO SANTO BAJO
35006084,104,CEIP AMPUYENTA
35006187,102,IES PUERTO DEL ROSARIO
35006199,202,CEIP ANTONIO ZEROLO
35006205,202,IES AGUSTÍN ESPINOSA
35006254,309,CEP GUTIÉRREZ RUBALCAVA
35006266,309,EEI ALMIRANTE ANTEQUERA
35006278,312,CEIP EL TOSCÓN
35006291,315,CPDEM ALEMÁN
35006311,318,CEIP SAULO TORÓN
35006333,323,CEIP BARRANCO BALOS
35006345,325,CEIP LA CERRUDA
35006357,317,CEIP JUAN NEGRÍN
35006370,309,CPES CENTRO SOPEÑA LAS PALMAS
35006382,315,CPDEM THE BRITISH SCHOOL OF GRAN CANARIA
35006400,204,CPDEM HISPANO BRITÁNICO
35006412,311,CPEIPS MARPE ALTAVISTA
35006424,321,CEIP CHANO SÁNCHEZ
35006436,321,CEIP PROFESOR CARLOS SOCAS MUÑOZ
35006448,313,CEIP NÉSTOR DE LA TORRE
35006451,301,CEIP LUIS CORTÍ
35006461,301,CEIP MIGUEL DE SANTIAGO
35006473,318,CEIP SAN JUAN
35006539,203,CEIP LOS GERANIOS
35006540,304,IFPA ARUCAS
35006591,311,CEIP FEDERICO GARCÍA LORCA
35006618,314,IES FRANCISCO HERNÁNDEZ MONZÓN
35006621,307,CEIP IBERIA
35006631,102,CEIP AGUSTÍN MILLARES CARLÓ
35006643,326,IES FARO DE MASPALOMAS
35006655,320,CEIP POETA MONTIANO PLACERES
35006667,203,CEIP NIEVES TOLEDO
35006680,201,RE HARÍA
35006722,104,CEIP ALCALDESA AMPARO TORRES
35006734,104,CEIP GUMERSINDO MARTELL
35006758,201,CEIP LA GARITA
35006783,303,CEIP FRONTÓN
35006795,303,CEIP TRUJILLO
35006850,312,CEIP CIUDAD DEL CAMPO
35006886,324,CEIP POLICARPO BÁEZ
35006898,201,CEIP MUÑIQUE
35006904,201,CEIP TAO
35006928,201,CEIP LOS VALLES
35006941,318,CEIP LOS CASERONES
35006953,204,CEIP LA ASOMADA - MÁCHER
35006989,204,CEIP LAS BREÑAS
35006990,204,CEIP MARARÍA
35007003,204,CEIP PLAYA BLANCA
35007027,318,CPEIPS ENRIQUE DE OSSO
35007052,201,CEIP TIAGUA
35007064,326,IES TÁMARA
35007091,315,CPDEM THE AMERICAN SCHOOL OF LAS PALMAS
35007118,301,CEIP VIRGEN DEL CARMEN
35007143,318,CEIP LAS BREÑAS
35007167,201,CEIP EL CUCHILLO
35007179,322,CEIP BEÑESMEN
35007234,102,CEIP LOS LLANOS DE LA CONCEPCIÓN
35007271,302,CEIP ALCALDE DIEGO TRUJILLO RODRÍGUEZ
35007283,321,CEIP PROFESOR JOSÉ SÁNCHEZ SÁNCHEZ
35007301,317,CEIP MAESTRO FÉLIX SANTANA
35007325,310,CPEIPS ATLANTIC SCHOOL GUAYDIL
35007349,310,CPEPS ATLANTIC SCHOOL GAROÉ
35007374,312,CPM LAS PALMAS DE GRAN CANARIA
35007398,202,IES LAS SALINAS
35007431,315,CEIP LAS TORRES
35007441,311,CEIP BUENAVISTA I
35007453,305,CEIP GRAN CANARIA
35007507,326,CEIP ALCALDE MARCIAL FRANCO
35007519,327,CEIP PEPE MONAGAS
35007556,201,CEIP LA CALETA DE FAMARA
35007568,201,CEIP NAZARET
35007571,103,CEIP LAS PLAYITAS
35007647,301,CEIP CUERMEJA
35007684,307,CEIP NANDA CAMBRES
35007696,317,IES PROFESOR ANTONIO CABRERA PÉREZ
35007741,202,CEIP CAPELLANÍA DEL YÁGABO
35007763,309,CEIP PINTOR MANOLO MILLARES
35007775,201,CEIP GÜIME
35007787,326,CEIP LAS DUNAS
35007799,323,CEIP TINGUARO
35007817,318,CEIP PLÁCIDO FLEITAS
35007829,317,CEIP MARPEQUEÑA
35007842,313,IES ANA LUISA BENÍTEZ
35007854,324,IES VECINDARIO
35007878,321,CEIP POETA TOMÁS MORALES
35007881,308,CEIP MESA Y LÓPEZ
35007891,313,IES SIMÓN PÉREZ
35007908,102,CEIP PABLO NERUDA
35007945,317,IES GUILLERMINA BRITO
35007969,203,CEPA TITERROYGATRA
35007970,305,CEIP SANTA BÁRBARA
35007982,306,CEPA LAS PALMAS
35007994,305,IES GUANARTEME
35008007,102,CEPA FUERTEVENTURA NORTE
35008019,318,CEPA TELDE-CASCO
35008020,325,CPEIPS ARENAS SUR
35008068,318,IES JOSÉ FRUGONI PÉREZ
35008071,203,CEIP ARGANA ALTA
35008093,315,CEIP LOS TARAHALES
35008135,309,CEIP DOCTOR JUAN NEGRÍN
35008147,311,CEIP CÉSAR MANRIQUE
35008159,307,CEIP GUINIGUADA
35008160,312,CEIP LOS GILES
35008184,323,CEIP EL CANARIO
35008196,323,CEIP TAJINASTE
35008202,324,CEIP CAMINO DE LA MADERA
35008226,324,CEIP LA PAREDILLA
35008238,323,CEIP EL CARDÓN
35008275,320,CEIP PEDRO LEZCANO
35008287,320,IES AGUSTÍN MILLARES SALL
35008299,320,IES FERNANDO SAGASETA
35008317,103,CEIP GRAN TARAJAL
35008330,322,CPEIPS NUESTRA SEÑORA DEL ROSARIO
35008366,324,CPDEP ESCUELA NORUEGA GRAN CANARIA
35008378,201,CPDEM BRITISH SCHOOL OF LANZAROTE
35008381,305,EOI LAS PALMAS DE GRAN CANARIA
35008391,322,IES CRUCE DE ARINAGA
35008411,319,IES EL CALERO
35008445,317,CEIP POETA FRANCISCO TARAJANO
35008457,316,CPEIPS JUAN RAMÓN JIMÉNEZ
35008470,310,IES EL BATÁN
35008494,322,CEIP LA VIÑUELA
35008512,322,EEI JOSÉ MELIÁN RODRÍGUEZ
35008524,326,CEIP OASIS DE MASPALOMAS
35008536,306,CEAD PROFESOR FÉLIX PÉREZ PARRILLA
35008561,308,IES MESA Y LÓPEZ
35008597,320,IES JINÁMAR
35008627,201,CPEIPS ARENAS INTERNACIONAL
35008639,313,CEIP PINTOR NÉSTOR
35008640,102,CEE PUERTO DEL ROSARIO
35008652,301,CEE MARENTE
35008664,318,CEE PETRA LORENZO
35008691,320,CEO OMAYRA SÁNCHEZ
35008706,314,CEIP ATLÁNTIDA
35008718,309,CEIP ALCORAC HENRÍQUEZ
35008721,307,CEIP AGUADULCE
35008743,315,CEIP JOSÉ PÉREZ Y PÉREZ
35008901,302,CEIP MAESTRO MANUEL CRUZ SAAVEDRA
35008925,320,CEIP JINÁMAR FASE V
35008962,321,CEPA AGÜIMES-INGENIO
35008974,302,CEPA GÁLDAR
35008986,325,CEPA SANTA LUCÍA DE TIRAJANA
35008998,319,CPDEM LYCÉE FRANÇAIS RENÉ VERNEAU DE GRAN CANARIA
35009000,327,CEIP ARTEMI SEMIDÁN
35009012,318,CEIP MONTAÑA LAS PALMAS
35009103,201,CEE NUESTRA SEÑORA DE LOS VOLCANES
35009127,314,"CPFP RAMA SANITARIA, S.L."
35009139,309,IES LA VEGA DE SAN JOSÉ
35009140,103,CEIP LA LAJITA
35009152,323,CEIP LOS LLANOS
35009164,103,CEIP TUINEJE
35009191,202,IES CÉSAR MANRIQUE
35009206,201,IES HARÍA
35009218,204,IES YAIZA
35009221,202,IES SAN BARTOLOMÉ
35009267,321,CEIP BENITO PÉREZ GALDÓS
35009292,310,CPEI MATILDE TÉLLEZ
35009322,311,IES PABLO MONTESINO
35009334,302,IES ROQUE AMAGRO
35009346,319,IES CASAS NUEVAS
35009358,304,IES SANTIAGO SANTANA DÍAZ
35009361,104,IES SANTO TOMÁS DE AQUINO
35009383,314,IES PRIMERO DE MAYO
35009395,315,IES FERIA DEL ATLÁNTICO
35009401,323,IES JOSÉ ZERPA
35009413,302,CEIP LOS QUINTANA
35009425,202,CEIP PLAYA HONDA
35009437,101,CEIP MARÍA CASTRILLO GARCÍA
35009449,312,CEIP LAS MESAS
35009450,102,EOI PUERTO DEL ROSARIO
35009462,320,CEIP HILDA ZUDÁN
35009486,316,CPEI LOS PISPITOS
35009541,315,CEIP HOYA ANDREA
35009565,303,IES DORAMAS
35009577,305,IES EL RINCÓN
35009589,316,IES VEGA DE SAN MATEO
35009607,104,CEIP EL CIERVO
35009619,304,CEPA ARUCAS Y FIRGAS FERNANDO MARRERO PULIDO
35009620,327,CEPA MOGÁN
35009632,313,CEPA LAS PALMAS-CIUDAD ALTA
35009644,309,CEPA LAS PALMAS-CONO SUR
35009656,326,CEPA SAN BARTOLOMÉ DE TIRAJANA
35009668,316,CEPA SANTA BRÍGIDA
35009671,320,CEPA TELDE-JINÁMAR
35009681,317,CEPA TELDE-LA HERRADURA
35009693,303,CEPA TEROR
35009701,300,CEPA VALSEQUILLO
35009711,312,IES CAIRASCO DE FIGUEROA
35009723,202,EOI ARRECIFE
35009735,327,EOI MASPALOMAS
35009747,325,CPEIPS ALMA´S
35009772,304,EOI ARUCAS
35009784,321,EOI INGENIO
35009796,316,EOI SANTA BRÍGIDA
35009802,301,EOI SANTA MARÍA DE GUÍA
35009814,323,EOI SANTA LUCÍA
35009826,319,EOI TELDE
35009838,201,IES TEGUISE
35009841,300,IES VALSEQUILLO
35009851,319,IES LAS HUESAS
35009863,302,IES AGAETE PEPE DÁMASO
35009875,301,IES LA ALDEA DE SAN NICOLÁS
35009887,103,IES GRAN TARAJAL
35009899,306,IES TONY GALLARDO
35009905,308,CEIP ALCARAVANERAS
35009929,314,CAMGEM ISAAC ALBÉNIZ
35009930,304,EMM ARUCAS
35009942,326,EMM SAN BARTOLOMÉ DE TIRAJANA
35009954,316,EMM SANTA BRÍGIDA
35009966,324,EMM SANTA LUCÍA DE TIRAJANA
35009981,303,CPEIPS ANITA CONRAD
35009991,321,EMMD INGENIO
35010002,319,CEIP LA GARITA
35010014,310,CPDEM OAKLEY COLLEGE
35010026,301,CEPA LA ALDEA
35010038,324,CPDEP COLEGIO SUECO SVENSKA SKOLAN
35010041,305,CPEIP HISPANO INGLÉS
35010063,204,CIMGE LANZAROTE
35010075,308,CPEI ANITA CONRAD
35010087,302,EMM PEDRO ESPINOSA
35010099,317,EMM TELDE
35010105,327,IES ARGUINEGUÍN
35010117,326,CPDEM THE BRITISH SCHOOL OF GRAN CANARIA SOUTH
35010129,316,IES SANTA BRÍGIDA
35010130,323,IES GRAN CANARIA
35010142,320,IES LILA
35010154,317,IES LOMO DE LA HERRADURA
35010166,307,CASAD ESCUELA DE ACTORES DE CANARIAS (SEDE GRAN CANARIA)
35010178,314,CEIP SIETE PALMAS
35010181,103,CEPA FUERTEVENTURA SUR
35010191,304,CEIP OROBAL
35010208,311,IES SCHAMANN
35010211,301,EMMD SANTA MARÍA DE GUÍA
35010221,104,IES JANDÍA
35010233,204,EIM LANZAROTE
35010245,308,CPES BRAINS INTERNATIONAL SCHOOL
35010269,303,IES TEROR
35010282,326,IES AMURGA
35010294,318,IES PROFESOR JUAN PULIDO CASTRO
35010300,312,CEIP ALFREDO KRAUS
35010312,302,EMM AGAETE
35010324,312,CEPA LAS PALMAS-TAMARACEITE
35010348,204,IES TÍAS
35010351,202,CPFP MICROSISTEMAS
35010373,203,IES LAS MARETAS
35010385,300,EMMD VALSEQUILLO
35010397,204,IES TINAJO
35010403,312,IES ANTONIO GODOY SOSA
35010415,325,IES EL DOCTORAL
35010427,315,IES LOS TARAHALES
35010439,314,IES SIETE PALMAS
35010452,101,IES LA OLIVA
35010464,310,CPEE CENTRO DE TRATAMIENTO INTEGRAL DE LA PARÁLISIS INFANTIL
35010476,101,IES CORRALEJO
35010488,321,IES CARRIZAL
35010491,304,CPEIP LA CASA DEL SOL
35010506,321,IES INGENIO
35010518,322,EMM AGÜIMES
35010543,202,IES PLAYA HONDA
35010592,317,CPEIP LA HIGUERITA
35010609,304,IES BAÑADEROS-CIPRIANO ACOSTA
35010610,103,IES VIGÁN
35010622,308,CPEI HISPANO INGLÉS II
35013635,303,IES VILLA DE FIRGAS
35013659,316,IES LA ATALAYA
35013672,103,CEIP COSTA CALMA
35013696,314,CEE SIETE PALMAS
35013702,322,IES PLAYA DE ARINAGA
35013714,314,RE SIETE PALMAS
35013738,715,CSM CANARIAS (SEDE GRAN CANARIA)
35013741,322,RE ARINAGA
35013751,303,EMM CANDIDITO
35013763,301,EMM LA ALDEA
35013787,204,IES PUERTO DEL CARMEN
35013799,102,CEIP FRANCISCO NAVARRO ARTILES
35013805,315,EOI SIETE PALMAS
35013817,312,EMM LAS PALMAS DE GRAN CANARIA
35013829,316,EMM VEGA DE SAN MATEO
35013830,102,EIM FUERTEVENTURA
35013842,304,IES ARUCAS-DOMINGO RIVERO
35013854,326,CPDEM CANTERBURY SCHOOL
35013866,310,CPES HISPANO INGLÉS III
35013878,201,CEIP COSTA TEGUISE
35013881,323,CEIP LA ZAFRA
35013891,308,CPEIP BRAINS
35013908,327,CEIP EL TABLERO
35013911,316,CPFP HOTEL ESCUELA SANTA BRÍGIDA
35013933,202,CEIP EL QUINTERO
35013957,102,CEO PUERTO CABRAS
35013969,203,CEO ARGANA
35013970,304,CPEIS ARENAS ATLANTICO
35013982,307,CAEDGMS ESCUELA CANARIA DE ENTRENADORES DE FÚTBOL
35014007,101,CEIP PARQUE NATURAL CORRALEJO
35014019,104,CEIP LA HUBARA
35014020,204,CPEIPS CENTRO EDUCACIONAL DAOS
35014032,101,CEIP ANTOÑITO EL FARERO
35014056,306,CAEDGMS CENTRO DE ENSEÑANZA TÉCNICA UNIÓN DEPORTIVA (C.E.T.U.D.)
35014068,323,IES JOSEFINA DE LA TORRE
35014093,327,EMMD MOGÁN
35014101,324,CEIP LAS TEDERAS
35014123,315,CPEE LA CASITA
35014147,201,IES COSTA TEGUISE
35014159,327,CEO MOTOR GRANDE- ROSA PADRÓN PULIDO
35014172,319,EEI BASE AÉREA DE GANDO
35014214,303,EMM VILLA DE MOYA
35014238,303,EEI DE FIRGAS
35014241,327,EEI MOGÁN
35014251,307,CPFP HIGIDENT
35014263,320,CPEI BILINGÜE LOS PEQUES
35014275,308,CPEI GARABATO
35014330,308,EEI GRUMETE
35014342,303,EEI LA ESCUELITA
35014378,315,EEI POCAHONTAS (SARAMAGO)
35014381,311,EEI HEIDI (SCHAMANN)
35014391,312,EEI LA SIRENITA (TAMARACEITE)
35014408,309,EEI DUMBO
35014411,315,EEI PLUTO (B. ATLÁNTICO)
35014421,308,CPEI MIS PEQUES
35014457,323,CPFP CENTRO DE ESTUDIOS MASTER
35014469,304,CPEI BILINGÜE LA CASITA
35014470,204,CPDEM QUEEN´S SCHOOL
35014482,307,IES POETA TOMÁS MORALES CASTELLANO
35014494,309,CEIP ALISIOS
35014500,306,CPEI MI ARCO IRIS
35014512,312,CPEI LA GALLINA TURULETA
35014524,301,CPEI MI LUNITA
35014536,102,EEI LAS HORMIGUITAS
35014548,202,EEI DE ARRECIFE
35014551,319,CPES RENÉ VERNEAU DE GRAN CANARIA
35014561,305,CPEI EL BARQUITO
35014573,307,CPEI PIZQUITO
35014585,305,CPFP INFORPRO
35014597,308,CPEI FIRST STEPS
35014603,321,CPEI LOS NARANJITOS II
35014615,309,CPEI MI COLE DE VEGUETA
35014627,203,CPEI MINICOLE
35014639,314,CEIP MARTÍN CHIRINO
35014640,313,CIFP CRUZ DE PIEDRA
35014652,309,CIFP SAN CRISTOBAL
35014664,322,CIFP VILLA DE AGÜIMES
35014676,101,CIFP MAJADA MARCIAL
35014688,314,CPEI DOMINGO ALONSO
35014706,306,CPFP ESCUELA DE HOSTELERÍA DE LAS PALMAS
35014718,321,CPFP BINTER FORMACIÓN S.L.
35014731,304,CPEI GUAYETE
35014767,319,CPFP ACADEMIA TELDE
35014779,316,CPFP CENTRO DE FORMACIÓN PARA EL EMPLEO SANTA BRÍGIDA SL
35014780,203,CPFP ICSE
35014809,308,CPEI LA PIRULETA
35014834,313,CEIP LAS REHOYAS
35014861,312,CPEI LA ARDILLA AMARILLA
35014871,306,CPEI TU JARDÍN
35014883,310,CAEDGM HIPOVET
35014895,311,CPEI MARPE INFANTIL
35014901,326,CPEI COLORES
35014913,308,CPEI TAMBI 1
35014925,314,CPEI LOS TIQUIS
35014937,318,CPEI CARICIAS
35014949,308,CPEI EL PATIO DE MI CASA
35014950,302,EEI SAN ISIDRO
35014962,103,CPEI BAMBI
35014974,318,CPEI RATÓN SIN COLA
35014986,202,CPEI MIMADOS
35014998,306,CPEI TU JARDÍN PUERTO
35015000,314,CPEI TAMBI 2
35015012,307,CPEI LA MANZANA ARENALES
35015024,308,CPEI NUEVA ATLÁNTIDA
35015036,316,CPEI PEQUEÑO PERENQUÉN
35015048,308,CPEI EL PATITO FEO
35015051,314,CPEI MAFALDA
35015073,310,CPEIP MONTESSORI SCHOOL OF LAS PALMAS
35015085,308,CPEI LA BLANCA PALOMA
35015097,301,CPEI MUNDO FELIZ
35015103,302,CPEI PIOLINA
35015115,307,CPFP KUMA
35015127,101,CPEI COLORINES
35015139,305,CPEI MI BARQUITO
35015152,104,CPEI MONIGOTES
35015164,101,EEI CORRALEJO
35015176,102,EEI BAMBI
35015188,319,CPEI LOS ENANITOS
35015191,309,CPFP CENTRO DE ESTUDIOS TÉCNICOS SUPERIORES DE CANARIAS SL
35015206,326,CPEI MANUELITA
35015218,314,CPEI CASCARÓN
35015221,310,CPEI LOS JAIMITOS
35015231,319,CPEI BILINGÜE LOS SOLES
35015255,308,CIPFP INSTITUTO CANARIO SUPERIOR DE ESTUDIOS ICSE-LAS PALMAS
35015267,307,CIPFP INSTITUTO FOCAN
35015279,203,IES EN ALTAVISTA
35015280,320,CEIP EUROPA-NÉSTOR ÁLAMO
35015309,314,CPFP E-FORM
35015322,307,CPEI EL ARBOLITO
35015358,306,CIPFP CENTRO SUPERIOR DE FORMACIÓN EUROPA SUR (CESUR-LAS PALMAS)
35015361,321,EEI CARRIZAL
35015383,306,EEI LA CARRUCHA
35015395,312,EEI PINOCHO
35015413,313,EEI BAMBI
35015437,322,EEI SARANTONTÓN
35015449,324,EEI LOS LLANOS
35015450,323,EEI EL CANARIO
35015462,325,EEI EL DOCTORAL
35015498,201,EEI LOLA
35015504,300,EEI VALSEQUILLO
35015516,314,CEIP PERSEIDAS
35015531,203,CIFP ZONZAMAS
35015553,308,CPEI ESCUELA MATERNAL E INFANTIL DR. SÁNCHEZ
35015565,312,CPEI LA CASA DE LOS NIÑOS
35015589,318,CPEI LA ESCUELA DE ELE
35015590,304,CEIP EN ARUCAS
35015607,306,EOI A DISTANCIA DE CANARIAS
35015619,102,EA EN PUERTO DEL ROSARIO
35015620,308,CPEI CHILDREN´S WORLD
35015632,309,EEI PRINCESA TENESOYA
35015644,313,EEI LOS PITUFOS
35015656,311,EEI BLANCANIEVES
35015681,319,CPDEM SHAKESPEARE BRITISH SCHOOL
35200101,313,AULA HOSPITAL DE DÍA INFANTO-JUVENIL
35600561,301,AEOI SAN NICOLÁS
35600771,103,AEOI GRAN TARAJAL
35700043,201,C.PROFES. LANZAROTE
35700079,309,AULA HOSPITAL MATERNO INFANTIL
35700110,102,C.PROFES. PUERTO DEL ROSARIO
35700468,313,C.PROFES. LAS PALMAS DE GRAN CANARIA
35700471,302,C.PROFES. GRAN CANARIA NOROESTE
35700572,203,AULA HOSPITAL DOCTOR JOSÉ MOLINA OROSA
35700596,313,AULA CENTRO CONVIVENCIAL PARA MENORES CON GRAVES PROBLEMAS DE CONDUCTA
35700614,104,AULA HOSPITAL GENERAL DE FUERTEVENTURA VIRGEN DE LA PEÑA
35702011,303,CER FIRGAS
35702302,302,CER GÁLDAR-GUÍA
35702341,321,C.PROFES. GRAN CANARIA SUR
35702368,320,E.O.E.P. VALLE DE JINÁMAR
35702370,301,E.O.E.P. GRAN CANARIA NOROESTE
35702373,326,E.O.E.P. GRAN CANARIA SUR
35702374,322,E.O.E.P. INGENIO-AGÜIMES
35702375,203,E.O.E.P. LANZAROTE SUR
35702376,101,E.O.E.P. FUERTEVENTURA NORTE
35702378,103,E.O.E.P. FUERTEVENTURA SUR
35702379,317,E.O.E.P. TELDE-VALSEQUILLO
35702381,304,E.O.E.P. GRAN CANARIA NORTE
35702384,316,E.O.E.P. GRAN CANARIA CENTRO
35702652,315,E.O.E.P. ESPECÍFICO DE DISCAPACIDADES VISUALES
35702656,306,E.O.E.P. LAS CANTERAS
35702657,307,E.O.E.P. ARENALES
35702658,309,E.O.E.P. LA VEGA DE SAN JOSÉ
35702659,313,E.O.E.P. LAS PALMAS-MILLER
35702660,311,E.O.E.P. ESCALERITAS
35702661,314,E.O.E.P. TAMARACEITE-SIETE PALMAS
35702662,319,E.O.E.P. TELDE COSTA
35702663,323,E.O.E.P. GRAN CANARIA SURESTE
35702664,201,E.O.E.P. LANZAROTE NORTE
35703401,321,CER INGENIO-AGÜIMES
35703435,325,E.O.E.P. ESPECÍFICO DE DISCAPACIDADES AUDITIVAS
35703901,303,CER MOYA
35704333,312,E.O.E.P. ESPECÍFICO DE TRASTORNOS GENERALIZADOS DEL DESARROLLO
35704334,324,E.O.E.P. ESPECÍFICO DE DISCAPACIDADES MOTORAS
35704601,104,CER PUERTO DEL ROSARIO - ANTIGUA - BETANCURIA
35705801,316,CER SANTA BRÍGIDA-SAN MATEO
35707201,319,C.PROFES. TELDE
35707202,318,CER TELDE
35707601,201,CER SAN BARTOLOMÉ-TINAJO-TEGUISE
35707701,103,C.PROFES. GRAN TARAJAL
35707702,103,CER TUINEJE-PÁJARA
35730162,310,AAPA CIEMI LA MONTAÑETA
35810102,104,AEOI JANDÍA
35810103,101,AEOI CORRALEJO
35820101,202,AEOI TÍAS
35831001,306,AEOI A DISTANCIA DE CANARIAS
35900093,310,EEI ARIDAMAN (D.G.PROTECC.MENOR)
38000019,725,CEIP ADEJE
38000068,725,CEIP ARMEÑIME
38000081,725,CEIP FAÑABÉ
38000093,725,CEIP TIJOCO BAJO
38000101,401,CEIP ÁUREA MIRANDA GONZÁLEZ
38000135,401,CEIP ALAJERÓ
38000202,401,CEO SANTIAGO APÓSTOL
38000238,721,CEO ANDRÉS OROZCO
38000241,705,EMMD VILLA DE LA OROTAVA
38000263,721,CEIP VILLA DE ARICO
38000299,721,CEIP NUESTRA SEÑORA DE LA LUZ
38000330,721,CEIP VIRGEN DE FÁTIMA
38000354,721,CEIP EL RÍO
38000366,724,CEIP ÓSCAR DOMÍNGUEZ
38000378,724,CEIP BUZANADA
38000408,724,CEIP CABO BLANCO
38000421,725,CEIP PÉREZ VALERO
38000469,724,CEIP VALLE SAN LORENZO
38000470,603,CEO BARLOVENTO
38000494,603,CEIP LAS CABEZADAS
38000512,603,CEIP LA CUESTA
38000551,601,CEIP BOTAZO
38000561,601,CEIP BREÑA
38000597,601,CEIP MANUEL GALVÁN DE LAS CASAS
38000615,601,CEIP BUENAVISTA DE ABAJO
38000627,601,CEIP MIRANDA
38000639,601,CEIP SAN JOSÉ
38000688,601,CEIP LAS LEDAS
38000706,601,CEIP SAN ANTONIO
38000731,701,CEIP NICOLÁS DÍAZ DORTA
38000792,720,CEIP ARAYA
38000810,720,CEIP CARMEN ÁLVAREZ DE LA ROSA
38000834,720,CEIP PRÍNCIPE FELIPE
38000858,720,CEIP IGUESTE
38000871,721,CEO GUAJARA
38000901,721,CEIP LA ZARZA
38000913,501,CEIP TIGADAY
38000949,501,CEIP TAIBIQUE
38000962,601,CEIP LOS CANARIOS
38000974,601,CEIP CECILIA GONZÁLEZ ALAYÓN
38000986,601,CEIP LAS INDIAS
38001036,701,CEIP ANTONIO DEL VALLE MENÉNDEZ
38001139,603,CEIP SANTO DOMINGO
38001231,722,CEIP SAN BENITO
38001243,722,CEIP NUESTRA SEÑORA DEL BUEN VIAJE
38001267,722,CEIP CHARCO DEL PINO
38001280,722,CEIP VIRGEN DEL PILAR
38001322,704,CPDEM ALEMÁN
38001361,722,CEIP FROILÁN HERNÁNDEZ GONZÁLEZ
38001395,722,CEIP JUAN GARCÍA PÉREZ
38001425,701,CEIP SANTO DOMINGO
38001437,701,CEIP PLUS ULTRA
38001474,726,CEIP LA CUMBRITA
38001486,726,CEIP CHIGUERGUE
38001498,726,CEIP CHIGORA
38001516,726,CEIP CHIRCHE
38001528,726,CEIP ALMÁCIGO
38001553,726,IES MANUEL MARTÍN GONZÁLEZ
38001589,726,CEIP TEOBALDO POWER
38001590,726,CEIP LA MONTAÑA
38001619,721,CEIP ALFONSO X EL SABIO
38001620,721,CPEIPS SANTO DOMINGO
38001644,721,IES MENCEY ACAYMO
38001671,721,IES GÜÍMAR
38001723,721,CEIP EL PUERTITO DE GÜÍMAR
38001814,401,CEO MARIO LHERMET VALLIER
38001887,702,CEIP CAMPINO
38001899,702,CEIP BUEN PASO I
38001917,702,EEI CUEVA DEL VIENTO
38001930,702,CEIP JULIO DELGADO DELGADO
38001954,702,CEIP LAS ABIERTAS
38002031,702,CPEIPS NUESTRA SEÑORA DEL BUEN CONSEJO
38002041,702,CEIP EMETERIO GUTIÉRREZ ALBELO
38002065,702,IES SAN MARCOS
38002077,702,IES NICOLÁS ESTÉVEZ BORGES
38002089,702,IES LUCAS MARTÍN ESPINO
38002090,702,CEIP LA MANCHA
38002119,702,CEIP ENRIQUE GONZÁLEZ MARTÍN
38002120,702,CEIP LLANITO PERERA
38002156,710,CEIP ALONSO NAVA Y GRIMÓN
38002193,713,CEIP ÁNGELES BERMEJO
38002211,713,CPEIPS NUESTRA SEÑORA DEL ROSARIO
38002272,712,CPEIPS SAN PABLO
38002284,713,CPEIPS PUREZA DE MARÍA
38002296,712,CPEIPS RAMIRO DE MAEZTU
38002326,710,CEIP SANTA ROSA DE LIMA
38002341,711,CEIP LAS MERCEDES
38002387,708,CEIP EL ORTIGAL
38002417,709,CEIP PUNTA DEL HIDALGO
38002466,709,CPEIPS DECROLY
38002478,712,CEIP LA VERDELLADA
38002481,710,CEIP SAN BENITO
38002508,711,CEIP PRÁCTICAS ANEJA E.U.P.
38002594,712,CPEIPS LA SALLE LA LAGUNA
38002612,719,CPEIPS NURYANA
38002648,711,CPEIPS NUESTRA SEÑORA DEL BUEN CONSEJO
38002651,710,CPEE ACAMÁN
38002715,708,CPEIPS LUTHER KING
38002739,711,CPEIPS MAYEX
38002788,711,CPEPS SEMINARIO DIOCESANO
38002791,711,IES LA LABORAL DE LA LAGUNA
38002806,712,IES VIERA Y CLAVIJO
38002818,718,IES PADRE ANCHIETA
38002831,711,IES CANARIAS CABRERA PINTO
38002867,719,CPEIPS SANTA ROSA DE LIMA
38002879,718,IES MARINA CEBRIÁN
38002880,718,CEIP SAN LUIS GONZAGA
38002892,719,EEI NIÑO JESÚS (D.G.PROTECC.MENOR)
38002958,718,CPEIPS ISABEL LA CATÓLICA-SAN ANTONIO
38002983,718,CPEIPS MAINLOP
38002995,718,CPEIPS COLÓN GRAMA
38003008,718,CPEIPS SAN JERÓNIMO
38003045,709,CEIP SAN BARTOLOMÉ
38003057,709,IES ANTONIO GONZÁLEZ GONZÁLEZ
38003112,709,CEIP LOPE DE GUERRA
38003148,602,CEIP LOS CAMPITOS
38003173,602,CEIP MAYANTIGO
38003185,602,CEIP MARIELA CÁCERES PÉREZ
38003197,602,IES EUSEBIO BARRETO LORENZO
38003215,602,CPEIPS SAGRADA FAMILIA
38003264,602,IFPA LOS LLANOS DE ARIDANE
38003276,602,IES JOSÉ MARÍA PÉREZ PULIDO
38003288,602,CEIP LAS MANCHAS
38003291,602,CEIP MARÍA MILAGROS ACOSTA GARCÍA
38003306,602,CEIP LA LAGUNA
38003318,602,CEIP TODOQUE
38003392,707,CEIP ACENTEJO
38003409,706,CEO MANUEL DE FALLA
38003483,706,CEIP LEONCIO ESTÉVEZ LUIS
38003495,705,CEIP LA LUZ
38003501,705,CEIP SAN AGUSTÍN
38003513,705,CEIP NUESTRA SEÑORA DE LA CONCEPCIÓN
38003537,705,CEIP DOMÍNGUEZ ALFONSO
38003562,706,CEIP RAMÓN Y CAJAL
38003574,705,IES VILLALBA HERVÁS
38003604,706,CPEIPS LA MILAGROSA
38003616,705,CPEIPS SAN ISIDRO-SALESIANOS
38003628,706,CPEIPS CASA AZUL
38003631,706,IES LA OROTAVA-MANUEL GONZÁLEZ PÉREZ
38003653,706,CEIP SANTA TERESA DE JESÚS
38003719,706,CEIP INOCENCIO SOSA HERNÁNDEZ
38003732,602,CEIP TABURIENTE
38003756,602,CEIP ADAMANCASIS
38003860,602,CEIP ARCO IRIS
38003914,704,CEIP TOMÁS DE IRIARTE
38003926,704,CEIP CÉSAR MANRIQUE
38003963,704,IES AGUSTÍN DE BETANCOURT
38003987,704,EEI AGUAMANSA (D.G.PROTECC.MENOR)
38003999,704,IES PUERTO DE LA CRUZ: TELESFORO BRAVO
38004001,704,CEIP PUNTA BRAVA
38004013,704,CEIP JUAN CRUZ RUIZ
38004062,603,CEIP PUNTAGORDA
38004086,603,CEIP LA GALGA
38004098,603,CEIP RITA RODRÍGUEZ ÁLVAREZ
38004116,603,CEIP PUNTALLANA
38004131,603,CEIP SAGRADO CORAZÓN DE JESÚS
38004177,703,CEO LA PARED
38004207,703,CEIP EL TOSCAL-LONGUERA
38004232,703,CEIP LA MONTAÑETA
38004244,703,CEIP PALO BLANCO
38004256,703,CEIP PÉREZ ZAMORA
38004268,703,CPEIPS PUREZA DE MARÍA
38004271,703,CPEIPS NAZARET
38004293,703,CEIP SAN SEBASTIÁN
38004301,703,CEIP AGUSTÍN ESPINOSA
38004311,703,IES REALEJOS
38004347,719,CEO BETHENCOURT Y MOLINA
38004384,710,CEO LEONCIO RODRÍGUEZ
38004414,720,CPEIPS RODRÍGUEZ CAMPOS
38004438,710,CEIP MATÍAS LLABRÉS VERD
38004441,719,CEIP SAN ISIDRO
38004451,718,CEIP SANTA MARÍA DEL MAR
38004463,720,CPEIPS VIRGEN DEL MAR
38004487,719,CEIP SANTA CRUZ DE CALIFORNIA
38004554,603,CEIP LOS GALGUITOS
38004633,603,CEIP JOSÉ LUIS ALBENDEA Y GÓMEZ DE ARANDA
38004657,603,CEIP VERADA DE LAS LOMADAS
38004694,702,CEIP FRANCISCO AFONSO CARRILLO
38004748,702,CEIP ÁNGEL GUIMERÁ
38004773,723,CEIP ALDEA BLANCA
38004815,723,CEIP SAN MIGUEL
38004840,723,CEIP JUAN BETHENCOURT ALFONSO
38004891,401,CEIP RUIZ DE PADRÓN
38004931,401,RE SAN SEBASTIÁN DE LA GOMERA
38004955,603,CEIP LAS NIEVES
38004967,603,CEIP TAGOJA
38004979,603,RE SAN JOSÉ
38005017,601,CEIP JOSÉ PÉREZ VIDAL
38005054,603,CEIP ANSELMO PÉREZ BRITO
38005066,601,IES VIRGEN DE LAS NIEVES
38005078,601,IES LUIS COBIELLA CUEVAS
38005081,603,IES ALONSO PÉREZ DÍAZ
38005091,603,EA MANOLO BLAHNIK
38005108,603,CPEIPS SANTO DOMINGO DE GUZMÁN
38005111,603,CEIP SAN VICENTE
38005133,717,CEIP SAN ANDRÉS
38005157,717,CEIP JOSÉ PÉREZ RODRÍGUEZ
38005169,717,CEIP RAFAEL GAVIÑO DEL BOSQUE
38005297,714,IES VIRGEN DE CANDELARIA
38005315,715,CEIP TAGOROR
38005327,715,CEIP GARCÍA ESCÁMEZ
38005352,714,CPEIPS CHAMBERÍ
38005376,717,CEIP MIGUEL PINTOR GONZÁLEZ
38005406,717,CEIP ALFONSO SPINOLA
38005509,714,CEIP LAS DELICIAS
38005649,717,CPEIPS HISPANO INGLÉS
38005662,713,CPEIPS SAN JUAN BOSCO
38005674,715,CEIP SALAMANCA
38005686,715,CEIP SAN FERNANDO
38005704,700,CEIP ISABEL LA CATÓLICA
38005716,700,CEIP FRAY ALBINO
38005728,720,CPDEM ALEMÁN
38005731,700,CEIP ONÉSIMO REDONDO
38005789,700,CPEIPS HOGAR ESCUELA MARÍA AUXILIADORA
38005790,713,CPEIPS CERVANTES
38005820,720,CPEIPS ADONAI
38005832,713,CPEIPS HISPANO
38005844,713,CPEIPS RODRÍGUEZ ALBERTO
38006046,716,CPEIPS LA SALLE SAN ILDEFONSO
38006071,700,CPEIPS MONTESSORI
38006113,715,CPEIPS PUREZA DE MARÍA
38006125,717,EEI ANAGA (D.G.PROTECC.MENOR)
38006137,715,CEIP TOMÉ CANO
38006150,715,IES ANDRÉS BELLO
38006162,715,IES TEOBALDO POWER
38006174,701,IES BUENAVISTA
38006198,716,CPEE NUESTRA SEÑORA DEL CARMEN (ASPRONTE)
38006204,714,IES TOMÁS DE IRIARTE
38006231,714,CEE HERMANO PEDRO
38006253,716,EASD FERNANDO ESTÉVEZ
38006289,717,CEIP MARÍA ISABEL SARMIENTO
38006307,714,CPEIPS DOMINICAS
38006368,711,CEIP SOR FLORENTINA Y AGUSTÍN CABRERA DÍAZ
38006381,717,CEIP JULIÁN ROJAS DE VERA
38006401,705,CEIP LA CORUJERA
38006459,705,CEIP SANTA ÚRSULA
38006472,705,CEIP SAN FERNANDO
38006514,726,CEIP AURELIO EMILIO ACOSTA FERNÁNDEZ
38006538,726,CEIP JOSÉ ESQUIVEL
38006551,726,CEIP FELICIANO HERNÁNDEZ GARCÍA
38006587,726,CEIP TAMAIMO
38006678,707,CEIP NUESTRA SEÑORA DE LOS ÁNGELES
38006681,707,CEIP SAMOGA
38006745,701,CEIP ERJOS
38006769,701,CEIP SAN BERNARDO
38006782,701,CEIP AREGUME
38006794,701,CEIP TIERRA DEL TRIGO
38006812,708,CEIP EMETERIO GUTIÉRREZ ALBELO-AGUA GARCÍA
38006915,708,CEIP ERNESTO CASTRO FARIÑA
38006952,708,CEIP SAN JUAN PERALES
38006964,708,CEIP MARÍA ROSA ALONSO
38007002,708,IFPA TACORONTE
38007014,708,CPEIPS TACORONTE
38007026,701,CEIP MIGUEL DE CERVANTES
38007041,701,CEIP PABLO DÍAZ MARTÍN
38007075,602,CEO JUAN XXIII
38007099,709,CEIP MELCHOR NÚÑEZ TEJERA
38007117,709,CEIP FRANCISCA SANTOS MELIÁN
38007154,709,CEIP TEÓFILO PÉREZ
38007269,603,CEO TIJARAFE
38007294,501,CEIP GUARAZOCA
38007312,501,CEIP ISORA
38007361,501,CEIP SAN ANDRÉS
38007373,501,CEIP VALVERDE
38007439,401,CEO NEREIDA DÍAZ ABREU
38007452,401,CEIP EL RETAMAL
38007476,401,CEIP ALOJERA
38007543,401,CEIP LA DAMA
38007622,401,CEIP TEMOCODÁ
38007658,707,CEIP BAJOS Y TAGORO
38007713,707,CEO PRÍNCIPE FELIPE
38007762,722,CEIP LA ESCALONA
38007804,601,CEIP LODERO
38007828,601,CEIP MONTE BREÑA
38007853,601,CEIP MONTES DE LUNA
38007919,601,CEIP TIGALATE
38007932,722,CEIP GRANADILLA DE ABONA
38007971,716,EEI ASUNCIÓN (D.G.PROTECC.MENOR)
38007981,713,CEIP SUSANA VILLAVICENCIO
38008006,501,CEIP EL MOCANAL JUANA MARÍA HERNÁNDEZ ARMAS
38008043,721,CEIP JULIÁN ZAFRA MORENO
38008067,715,CEIP VILLA ASCENSIÓN
38008079,701,CEIP SAN JOSÉ
38008109,712,CEIP LAS MANTECAS
38008110,703,CEIP MENCEY BENTOR
38008122,714,CEIP CHIMISAY
38008146,723,CEIP LOS ABRIGOS
38008158,603,CEIP SAN ANDRÉS
38008331,712,CEIP FERNANDO III EL SANTO
38008341,712,IES PROFESOR MARTÍN MIRANDA
38008377,726,CEIP ADORACIÓN RODRÍGUEZ ALONSO
38008419,601,IES VILLA DE MAZO
38008471,718,CEIP LAS CHUMBERAS
38008493,702,EEI LAS ROSAS
38008501,701,CEIP VICTORINO ALAYÓN
38008511,716,CPEI HEIDI
38008547,709,CEIP PRINCESA TEJINA
38008560,722,CEIP ABONA
38008572,701,IES LA GUANCHA
38008584,702,CEIP BALDOMERO BETHENCOURT FRANCÉS
38008596,712,CEIP CLORINDA SALAZAR
38008602,712,CPEIPS HISPANO BRITÁNICO
38008614,724,CEIP EL FRAILE
38008626,718,CEIP SAN MATÍAS
38008651,601,CEIP PRINCESA ARECIDA
38008663,701,IES GARACHICO. ALCALDE LORENZO DORTA
38008675,710,IES SAN BENITO
38008687,717,IFPMP SANTA CRUZ DE TENERIFE
38008699,718,CEIP MONTAÑA PACHO
38008705,712,CEIP AGUERE
38008742,714,CEIP OFRA VISTABELLA
38008781,724,CEIP CHAYOFA
38008808,701,CEIP GENOVÉS
38008811,726,CEIP VERA DE ERQUES
38008845,702,EEI ICOD
38008857,706,CEIP VÍCTOR RODRÍGUEZ JIMÉNEZ
38008869,602,CEIP JEDEY
38008948,716,CEIP LOS VERODES
38008985,501,CEIP LA RESTINGA
38009023,704,CEPA PUERTO DE LA CRUZ
38009035,716,CEPA SANTA CRUZ DE TENERIFE
38009059,723,CEIP EL ROQUE
38009060,710,CEPA SAN CRISTÓBAL
38009096,718,CPEIPS ACAYMO-LA CANDELARIA
38009102,714,IES OFRA
38009114,715,CPM SANTA CRUZ DE TENERIFE
38009141,725,CEIP LOS OLIVOS
38009151,602,CEIP EL ROQUE
38009163,703,EEI VIRGEN DEL CARMEN (D.G.PROTECC.MENOR)
38009175,401,CEIP LA LOMADA
38009217,716,CEIP LOS DRAGOS
38009291,714,CPEIPS ECHEYDE I
38009311,721,CEE CHACONA
38009345,601,CEE EL DORADOR
38009357,719,CEIP MACHADO
38009448,724,CPDEM WINGATE SCHOOL
38009451,726,CEIP LA ERA
38009461,711,CEIP LAS CARBONERAS
38009485,719,CEIP EL DRAGUILLO
38009497,714,CEIP LAS RETAMAS
38009515,708,CEIP GUAYONGE
38009527,719,CEIP TÍNCER
38009539,710,CEIP CAMINO DE LA VILLA
38009564,709,EEI BAJAMAR
38009576,602,CEIP TACANDE
38009588,601,CEIP BENAHOARE
38009606,708,CEIP MAXIMILIANO GIL MELIÁN
38009618,401,CEPA LA GOMERA
38009621,601,CEPA GUAYAFANTA
38009631,501,CEPA VALVERDE
38009680,707,CEIP SANTO DOMINGO
38009692,717,IES ANAGA
38009746,726,CEIP APONTE
38009761,712,CEIP NARCISO BRITO
38009771,711,CEIP CAMINO LARGO
38009783,709,CEIP AYATIMAS
38009795,706,CEIP INFANTA ELENA
38009801,704,CEIP SAN ANTONIO
38009825,705,CEIP MENCEY BENCOMO
38009916,715,EOI SANTA CRUZ DE TENERIFE
38009931,718,CEIP CARDONAL I
38009941,707,CEIP ATALAYA
38009965,723,CEIP EL MONTE
38010131,717,IES SAN ANDRÉS
38010141,713,CEAD SANTA CRUZ DE TENERIFE MERCEDES PINTO
38010189,710,CPEIPS ECHEYDE II
38010244,702,CEIP LA VEGA
38010256,701,CEIP LAS SALINAS
38010268,601,CEIP LA SABINA
38010384,725,CEIP PLAYA LAS AMÉRICAS
38010396,701,CEIP LA CUESTA
38010402,723,CEIP MONTAÑA ROJA
38010414,710,IES GENETO
38010426,602,CEIP LA ROSA-CAMINO VIEJO
38010441,719,CEIP EL TABLERO
38010451,602,CEIP EL PUERTO
38010475,723,CEIP LUIS ÁLVAREZ CRUZ
38010505,726,CEPA GUÍA DE ISORA
38010517,721,CEPA GÜÍMAR
38010529,603,RE SAN MIGUEL DE LA PALMA
38010554,721,CEIP AGACHE
38010578,706,CEIP SANTO TOMÁS DE AQUINO
38010581,704,CEE INÉS FUENTES Y GONZÁLEZ DE ALEDO
38010621,725,CPEIPS COLEGIO INTERNACIONAL COSTA ADEJE
38010645,725,CEIP LOS CRISTIANOS
38010657,722,CEIP LA PASADA
38010669,601,CEIP GABRIEL DUQUE ACOSTA
38010694,707,IES SAN NICOLÁS
38010700,712,IES DOMINGO PÉREZ MINIK
38010712,725,IES LOS CRISTIANOS
38010724,706,IES RAFAEL AROZARENA
38010751,718,CEIP LOS ANDENES DE TACO
38010773,703,IES MENCEY BENCOMO
38010797,713,IES CANARIAS
38010803,701,IES DAUTE-LOS SILOS
38010815,705,IES SANTA ÚRSULA
38010839,719,IES EL SOBRADILLO
38010840,720,IES MARÍA ROSA ALONSO
38010852,725,IES ADEJE
38010876,720,CEIP PUNTA LARGA
38010888,706,CEIP AGUAMANSA
38010891,720,CEIP SECUNDINO DELGADO
38010906,724,CPEI TRICICLO
38010921,712,CPEI BILINGÜE FLOPPY
38010931,705,CPEI SAGRADO CORAZÓN
38010967,722,IES MAGALLANES
38010979,705,IES EL MAYORAZGO
38010992,707,IES SABINO BERTHELOT
38011005,709,CEIP MARÍA DEL CARMEN FERNÁNDEZ MELIÁN
38011017,501,EOI VALVERDE
38011030,723,CPEIPS LUTHER KING SUR
38011042,724,CPEIPS ECHEYDE III
38011066,710,CEIP CAMINO ERILLAS
38011091,701,CEPA LA GUANCHA
38011108,709,CEPA COMARCA NORDESTE DE TENERIFE
38011111,708,CEPA ACENTEJO-TACORONTE
38011121,716,CEIP EL CHAPATAL
38011133,716,IES EL CHAPATAL
38011145,716,IES BENITO PÉREZ ARMAS
38011157,708,IES LOS NARANJEROS
38011169,724,EOI LOS CRISTIANOS
38011170,401,EOI SAN SEBASTIÁN DE LA GOMERA
38011182,602,EOI SANTA CRUZ DE LA PALMA
38011194,720,IES SANTA ANA
38011200,707,IES LA MATANZA
38011212,707,IES LA VICTORIA. ALFONSO FERNÁNDEZ GARCÍA
38011248,721,EOI GÜÍMAR
38011261,702,EOI ICOD DE LOS VINOS
38011273,711,EOI LA LAGUNA
38011285,705,EOI LA OROTAVA
38011297,704,EOI PUERTO DE LA CRUZ
38011303,501,IES GAROÉ
38011315,722,IES GRANADILLA DE ABONA
38011327,708,IES TACORONTE-ÓSCAR DOMÍNGUEZ
38011339,603,IES CÁNDIDO MARANTE EXPÓSITO
38011364,717,CAMGEM HISPANO INGLÉS
38011376,603,EIM LA PALMA
38011388,722,EMM GRANADILLA DE ABONA
38011406,702,EMM ICOD DE LOS VINOS
38011418,703,EMMD LOS REALEJOS
38011431,708,EMM TACORONTE
38011443,721,EMM GÜÍMAR
38011455,712,CPEIPS CISNEROS ALTER
38011492,715,CADGE INTERNACIONAL DE DANZA DE TENERIFE
38011509,718,IES SAN MATÍAS
38011510,702,IES SAN JUAN DE LA RAMBLA
38011522,709,IES VALLE GUERRA
38011546,704,IES MARÍA PÉREZ TRUJILLO
38011558,720,CEIP LOS MENCEYES
38011561,602,EOI LOS LLANOS DE ARIDANE
38011583,401,IES SAN SEBASTIÁN DE LA GOMERA
38011595,708,IES BARRANCO DE LAS LAJAS
38011601,603,IES PUNTAGORDA
38011625,501,IES ROQUES DE SALMOR
38011637,717,CASAD ESCUELA DE ACTORES DE CANARIAS (SEDE TENERIFE)
38011650,715,CPEIPS ESCUELAS PÍAS
38011662,709,EMM TEGUESTE
38011686,719,CPEIPS MAYCO
38011741,702,CEPA ICOD DE LOS VINOS
38011765,723,CEIP LA ESTRELLA
38011777,709,IES TEGUESTE
38011807,701,ECM DAUTE ISLA BAJA
38011819,711,EMM LA LAGUNA
38011820,724,EMMD ARONA
38011844,723,IES LAS GALLETAS
38011856,726,IES TAMAIMO
38011868,721,IES ARICO
38011911,704,EMM PUERTO DE LA CRUZ
38011923,716,"CPFP GRUPO DENTAZUL, S.L."
38011935,714,CPDEM LYCÉE FRANÇAIS JULES VERNE DE TENERIFE
38011947,602,IES EL PASO
38011959,719,IES LAS VEREDILLAS
38011960,725,IES EL GALEÓN
38011972,726,IES ALCALÁ
38011984,700,IES ALCALDE BERNABÉ RODRÍGUEZ
38011996,720,IES PUNTA LARGA
38012009,725,CEIP BARRANCO DE LAS TORRES
38012010,601,IES LAS BREÑAS
38012034,715,EMM SANTA CRUZ DE TENERIFE
38012095,401,EMD SAN SEBASTIÁN DE LA GOMERA
38015108,401,EMMD VALLE GRAN REY
38015126,725,CPEI NIÑO DE ADEJE
38015138,720,CPEI FINCA EL MORAL
38015151,719,CAMGE NURYANA
38015163,709,CAMGE DECROLY
38015175,722,IES LOS CARDONES
38015187,724,IES GUAZA
38015217,723,IES SAN MIGUEL
38015229,705,CPEE C.R.E.V.O.
38015230,723,CEE ADEJE
38015242,715,CSM CANARIAS (SEDE TENERIFE)
38015254,724,IES LUIS DIEGO CUSCOY
38015278,703,IES CRUZ SANTA
38015281,701,IES EL TANQUE
38015311,716,CPFP HOTEL ESCUELA SANTA CRUZ
38015321,704,CPFP ESCUELA SUPERIOR DE TURISMO IRIARTE
38015369,725,EMM ADEJE
38015382,725,IES ICHASAGUA
38015394,723,IES EL MÉDANO
38015400,724,CEIP PARQUE LA REINA
38015412,724,SIES EN ARONA
38015424,707,CPDEM ST. ANDREW´S SCHOOL
38015436,722,CEIP LA JURADA
38015448,717,CPFP DENTAL TRAINER
38015461,723,CEIP LLANO DE LAS NACIONES
38015473,716,CAEDGMS ESCUELA TINERFEÑA DE ENTRENADORES DE FÚTBOL
38015485,714,EEI FAINA
38015497,702,EEI TROMPITA
38015515,601,EEI BREÑA ALTA
38015527,401,EEI AGULO
38015539,716,CPEI EL OSO MIMOSO
38015540,701,EEI LOS DUENDES DE LOS SILOS
38015552,707,EEI EL SAUZAL
38015564,716,CPEI NANÍN
38015631,713,CPEI LA VACA PACA
38015643,723,CEIP MONTAÑA PELADA
38015655,711,CPEI LA BOLA DE CRISTAL
38015667,709,CPEI SANTA FÉ
38015679,710,CPEE LA ESCUELITA DE ILUSIONES
38015680,722,CEIP ISAAC DE VEGA
38015692,721,CPEI VENTANA MÁGICA
38015783,720,CPEI EL JARDÍN DE LOS CUENTOS
38015837,603,EEI SANTO DOMINGO
38015849,602,EEI NINA LOLA ALBELO HERNÁNDEZ
38015850,603,EEI TIJARAFE
38015862,603,EEI SAN ANDRÉS Y SAUCES
38015874,721,EEI SALTIMBANQUIS
38015886,708,EEI LA BOMBILLITA FELIZ
38015898,704,EEI JACARANDA
38015904,702,CPEI TOPOLINO
38015916,708,CPEI HAPPY KINDER
38015928,716,CPEI MIMITOS
38015931,710,CPEI CACHITO MÍO
38015965,725,CPEI PEKEÑUKIS
38015977,720,CPEI TAGOROR
38015989,720,EEI LOS MENCEYES
38015990,720,EEI EL ROSARIO
38016003,710,EEI LA ESPERANZA
38016015,718,EEI TARA
38016027,705,EEI EL MAYORAZGO
38016039,703,CPDEM BRITISH SCHOOL OF TENERIFE
38016040,715,CPEI EL JARDIN
38016052,720,CPEI INDALÍN
38016064,725,CPEI HUMBI
38016076,711,CPEI PARQUE LA LAGUNA
38016088,706,EEI CANDELARIA EL LOMO
38016167,720,CPEI GUANCHITOS
38016179,702,CPEI PIOLÍN
38016180,718,CPEI HIGOPICO
38016209,710,CPEI EL CREYÓN
38016210,718,CPEI ARCO IRIS
38016234,720,CPEI ANGELITOS
38016246,719,CPEI CUCÚ
38016258,714,CPEI HUGOLANDIA
38016261,712,CPEI PRINCESA YBALLA
38016271,710,CPEI LA CASA DE ALICIA
38016283,723,CPEI BILINGÜE EL TOPO
38016325,703,CPEI HAMELÍN
38016337,712,CPEI LA HIGUERITA
38016349,708,CPEI FIRST LITTLE SCHOOL TACORONTE
38016350,712,EEI LAURISILVA
38016362,721,EEI DE FÁTIMA
38016374,710,EEI GUAMASA
38016386,726,EEI COSTA ISORA
38016398,726,EEI GUÍA DE ISORA
38016404,703,EEI NUESTRA SEÑORA DE GUADALUPE
38016416,711,CPFP CENTRO INTERNACIONAL POLITÉCNICO
38016428,703,CPEI VEO VEO
38016441,715,CPEI LA ESCUELITA
38016453,714,CPES JULES VERNE DE TENERIFE
38016465,716,CPEI CAPERUCITA ROJA
38016477,720,CPEI GLOBITOS
38016489,720,CPEI RISITAS
38016490,714,CPEI CRISOL DE AMISTAD
38016507,705,CPEI HOGAR INFANTIL
38016519,716,CIFP LOS GLADIOLOS
38016520,712,CPEI EL BARCO DE BUBA
38016532,713,CEIP LA SALUD
38016544,711,CPEI MI ARCO IRIS
38016568,715,CPEI PARQUE
38016571,713,CIFP CÉSAR MANRIQUE
38016581,720,CPEI KUKILANDIA
38016611,707,CPEI EL JARDÍN DE TATA
38016623,715,CPEI GUSYLUZ
38016635,719,CPEI MILUPÍN
38016647,719,CPEI LA PEQUEALDEA
38016659,706,CPEI BILINGÜE DING DONG
38016660,722,CEO HERMANO PEDRO VILAFLOR
38016672,713,CIFP LAS INDIAS
38016684,713,CEIP GESTA 25 DE JULIO
38016702,709,CPEI TAMBORIL
38016714,719,CPEI PATUCO
38016726,708,CPEI BOSQUE ENCANTADO
38016738,717,CPEI SAN MARTÍN
38016741,710,CPEI TIPPY
38016751,712,CPFP ICADEPRO SL
38016787,718,CAEDGMS IDECO
38016799,710,CPEI A MUMU
38016805,715,CPEI PAYASÍN
38016817,707,CPEI BORALESA
38016829,717,CPFP ABAD SERRADOR
38016830,721,CPEI EL BOSQUE DE LOS SUEÑOS
38016842,711,CPEI CUENTACUENTOS
38016866,720,CPEI HIGOPICO2
38016878,721,CPEI MAFALDA
38016881,710,CPEI ARLEQUÍN
38016891,704,CPEI TAJINASTE
38016908,706,CPEI TUKY-TUKY
38016911,602,CPEI PING PONG
38016921,711,CPEI AGUERE
38016933,706,CPEI BILINGÜE EL PERALITO
38016945,717,CPEI LA BALLENA
38016970,722,CPEI POPPYTO
38016982,723,EEI CAPITÁN GALLETA
38016994,722,EEI SANIPEQUES
38017007,722,CPEI HERMANO PEDRO
38017019,709,CPEI ZIPI - ZAPE
38017020,724,CPEI EL VALLE ENCANTADO
38017032,704,CPEI MILUQUE
38017044,721,CPEIPS LUTHER KING ARAFO
38017056,722,CPEI LOS GNOMOS
38017068,723,CPEI CHICER
38017071,707,CPEI MI COMETA
38017081,711,CPEI TRIS -TRAS
38017093,710,CIFP LA LAGUNA
38017111,704,CPEI EL JARDÍN DE LOS CUENTOS 2
38017123,723,CPEI SUPERSIBI
38017135,717,CPEI CENTRO INFANTIL Y LOGOPÉDICO SOLETE
38017147,711,CPEI ARRULLITO
38017159,726,EEI ENANITOS
38017160,401,EEI VALLE GRAN REY
38017172,725,EEI DUENDECILLO AZUL
38017184,401,EEI VALLEHERMOSO
38017196,602,EEI DOÑA CARMELA
38017202,724,EEI EL FRAILE
38017214,603,EEI PUNTALLANA
38017226,401,CEO EN VALLEHERMOSO
38017238,717,CIPFP CENTRO SUPERIOR DE FORMACIÓN EUROPA SUR (CESUR)
38017241,717,CPFP ESCUELA UNIVERSITARIA DE TURISMO DE SANTA CRUZ DE TENERIFE
38017251,722,CPFP CEP SUR
38017263,602,CPEI ENCANTIA
38017275,716,CPFP CEP SANTA CRUZ
38017287,717,CIPFP INSTITUTO CANARIO SUPERIOR DE ESTUDIOS ICSE-TENERIFE
38017299,716,CPDEP FEDA-MADRID
38017305,705,CPEI BILINGÜE DING DONG SANTA ÚRSULA
38017317,726,CPEI MIS NIÑOS
38017329,717,CPFPED JEAN HENRY DUNANT
38017330,709,CPEI MENUDITOS
38017342,707,EEI ACENTEJO
38017354,726,EEI PUERTO SANTIAGO
38017366,712,EEI LA CUESTA
38017378,718,EEI PÉREZ SOTO - EL CARDONAL
38017381,723,CPEI CAYUFITOS
38017391,725,CPEI LULÚ
38200101,716,AULA HOSPITAL DE DÍA INFANTO-JUVENIL
38600033,714,RE HERMANO PEDRO
38600059,711,RE PEDRO GARCÍA CABRERA
38601428,602,RE JARRA CANARIA
38601431,717,RE SAN ANDRÉS
38700050,711,C.PROFES. LA LAGUNA
38700140,501,C.PROFES. EL HIERRO
38700388,722,C.PROFES. TENERIFE SUR
38700391,703,C.PROFES. NORTE DE TENERIFE
38700406,601,C.PROFES. LA PALMA
38700522,601,AULA HOSPITAL GENERAL DE LA PALMA
38701301,603,CER BARLOVENTO-SAUCES
38701501,601,CER LAS BREÑAS
38702201,601,CER FUENCALIENTE-MAZO
38702511,717,E.O.E.P. ANAGA
38702512,706,E.O.E.P. LA OROTAVA
38702513,704,E.O.E.P. LOS REALEJOS
38702515,722,E.O.E.P. ABONA
38702517,603,E.O.E.P. SANTA CRUZ DE LA PALMA
38702566,401,C.PROFES. LA GOMERA
38702570,602,E.O.E.P. VALLE DE ARIDANE
38702571,501,E.O.E.P. EL HIERRO
38702573,710,E.O.E.P. SAN BENITO
38702574,719,E.O.E.P. EL TABLERO
38702575,707,E.O.E.P. ACENTEJO
38702576,721,E.O.E.P. VALLE DE GÜÍMAR
38702577,702,E.O.E.P. YCODEN-DAUTE
38702579,726,E.O.E.P. ISORA
38702601,722,CER GRANADILLA DE ABONA
38702651,705,E.O.E.P. ESPECÍFICO DE DISCAPACIDADES VISUALES
38702653,712,E.O.E.P. LA LAGUNA
38702654,714,E.O.E.P. OFRA-LOS GLADIOLOS
38702655,401,E.O.E.P. LA GOMERA
38702656,724,E.O.E.P. ARONA
38702901,726,CER GUÍA DE ISORA
38703303,702,CER ICOD DE LOS VINOS-SAN JUAN DE LA RAMBLA-LA GUANCHA
38703602,602,CER VALLE DE ARIDANE
38703701,707,CER LA MATANZA DE ACENTEJO
38705701,401,CER LA GOMERA
38705904,601,CER SANTA CRUZ DE LA PALMA
38706028,711,CER ANAGA
38706050,713,C.PROFES. SANTA CRUZ DE TENERIFE
38706055,708,E.O.E.P. ESPECÍFICO DE DISCAPACIDADES AUDITIVAS
38706056,709,E.O.E.P. ESPECÍFICO DE DISCAPACIDADES MOTORAS
38706057,703,E.O.E.P. ESPECÍFICO DE TRASTORNOS GENERALIZADOS DEL DESARROLLO
38706068,714,AULA COMPLEJO HOSPITALARIO UNIVERSITARIO NTRA. SRA. DE CANDELARIA
38706072,714,AULA UND.PEDIATRICA HOSPITAL S/C
38706701,701,CER EL TANQUE
38707901,501,CER EL HIERRO
38770231,710,AAPA CIEMI VALLE TABARES
38870601,705,AEOI SANTA ÚRSULA
38900146,713,EEI BENTENUYA (D.G.PROTECC.MENOR)
38900158,720,EEI AÑAZA (D.G.PROTECC.MENOR)
